{
  "name": "shop",
  "version": "0.1.0",
  "private": true,
  "dependencies": {
    "@testing-library/jest-dom": "^5.17.0",
    "@testing-library/react": "^13.4.0",
    "@testing-library/user-event": "^13.5.0",
    "ag-grid": "^18.1.2",
    "ag-grid-community": "^30.2.0",
    "ag-grid-react": "^30.2.0",
    "bootstrap": "^5.3.3",
    "echarts": "^5.6.0",
    "express": "^4.21.2",
    "mongodb": "5.5",
    "nodemon": "^3.1.9",
    "react": "^18.2.0",
    "react-bootstrap": "^2.10.9",
    "react-dom": "^18.2.0",
    "react-scripts": "5.0.1",
    "web-vitals": "^2.1.4"
  },
  "scripts": {
    "start": "react-scripts start",
    "build": "react-scripts build",
    "test": "react-scripts test",
    "eject": "react-scripts eject"
  },
  "eslintConfig": {
    "extends": [
      "react-app",
      "react-app/jest"
    ]
  },
  "browserslist": {
    "production": [
      ">0.2%",
      "not dead",
      "not op_mini all"
    ],
    "development": [
      "last 1 chrome version",
      "last 1 firefox version",
      "last 1 safari version"
    ]
  },
  "description": "This project was bootstrapped with [Create React App](https://github.com/facebook/create-react-app).",
  "main": "index.js",
  "keywords": [],
  "author": "",
  "license": "ISC"
}
